economy,inflation_consensus,gdp_consensus,unemployment_consensus,policy_rate_consensus,pmi_consensus
United States of America,3.631942097340419,1.9784773813905483,4.266673447037509,4.8944449389595395,51.07261752443446
Canada,2.973697894050899,1.67527345112821,6.141817796735742,4.041398731228739,51.28400846143713
China,0.5814091416794631,4.705424601343028,4.93583936531051,2.1742517563455594,50.28082785512862
Japan,2.043509412319783,1.5336841503419425,2.614935694689773,0.6916905836641583,49.23070208667562
Brazil,3.914648036622747,2.0924905831335163,7.512943068947701,10.262217755598682,51.56705848294345
Euro Area,2.972835642591277,1.360744905981183,6.6434871288893325,3.1580874230193525,48.29924043247404
