economy,inflation_yoy,gdp_growth,unemployment,policy_rate,pmi
United States of America,3.1761792699386078,2.0360055628158267,4.187612798951614,4.891084707458682,50.04896481134617
Canada,2.9196125753268185,1.4825259311548116,6.0537844091136845,4.147860568339409,51.72254133867403
China,0.7715131355862813,4.4059452330631155,4.99387969607719,2.197588918173705,50.543254171203436
Japan,2.382406836426801,0.7763927531148304,2.531214437193329,0.7242411966851594,49.93416888430676
Brazil,3.9701369284995973,2.3740062604188177,7.435606434017641,10.353572803110165,50.77274735366347
Euro Area,2.4663462772431965,0.7655300804217018,6.394175421988962,3.23804226836404,47.21266556604197
